[
  {
    "id": "446799",
    "title": "Junior Frontend разработчик",
    "minCompensation": 120000,
    "compensation": "120 000 – 150 000 руб.",
    "workSchedule": "Можно работать из дома",
    "employer": "HFLabs",
    "country": "Россия",
    "address": "Москва",
    "experience": "от 1 года до 3 лет",
    "description": "Я ищу фронтенд-разработчика в команду маркетинга «Дадаты» — облачного B2B-сервиса, который приводит в порядок контактные данные: адреса, ФИО, телефоны, реквизиты компаний. Каждый день «Дадату» используют тысячи компаний и миллионы их клиентов. Команда маркетинга и аналитики постоянно пробует новые гипотезы и рыночные ниши. Нужен разработчик, который будет им помогать, создавая промо-страницы, прототипы и демки в вебе.",
    "date": "03/09/2022",
    "employment": [
      "полная занятость",
      "удаленная работа"
    ],
    "skills": [
      "Отличное знание современного JavaScript и браузерных API",
      "Отличное знание современного CSS",
      "Опыт работы с Vue.js (либо React / Angular и готовность освоить Vue)",
      "Умение писать понятный поддерживаемый код с тестами",
      "Фокус на пользователях, а не инфраструктуре и тулинге"
    ]
  },
  {
    "id": "017766",
    "title": "Frontend-разработчик",
    "minCompensation": 45000,
    "compensation": "от 45 000 до 65 000 руб.",
    "workSchedule": "",
    "employer": "ООО СВЦ ПОЛИС812",
    "country": "Россия",
    "address": "Санкт-Петербург",
    "experience": "Нет опыта",
    "description": "Нам нужен специалист со знаниями в области frontend разработки, желанием развиваться и совершенствоваться и умением самостоятельно разобраться с задачей.",
    "date": "03/09/2022",
    "employment": [
      "полная занятость"
    ],
    "skills": [
      "Обязательно знание: HTML, CSS/SCSS, JS, Vue.js",
      "Плюсом: php, git, node.js + npm+ gulp + webpack, bootstrap",
      "Задачи: Создание/обновление фронтенд части проекта,  верстка новых страниц, исправление ошибок, адаптация"
    ]
  },
  {
    "id": "848555",
    "title": "Frontend-разработчик",
    "minCompensation": 80000,
    "compensation": "от 80 000 до 95 000 руб.",
    "workSchedule": "",
    "employer": "ООО Аптека25",
    "country": "Россия",
    "address": "Владивосток",
    "experience": "от 1 года до 3 лет",
    "description": "Развивать интернет магазины компании, Развивать личные кабинеты клиентов (B2C), Разрабатывать и развивать внутренние сервисы компании (B2B), Обеспечивать переход на новый технологический стэк",
    "date": "02/21/2022",
    "employment": [
      "полная занятость"
    ],
    "skills": [
      "Опыт разработки на JavaScript (ES6+) от 1 года",
      "Опыт разработки на React",
      "Опыт использования React Hooks",
      "Теоретические и практические знания State manager",
      "Теоретические и практические знания кросс-браузерной верстки (HTML5, CSS3, SCSS или других препроцессоров)",
      "Практический опыт работы с REST",
      "Знание стандартов оформления кода",
      "Понимание процесса проектирования пользовательских интерфейсов",
      "Понимание асинхронной модели выполнения",
      "Теоретические знания процесса тестирования ПО",
      "Практический опыт использования Git"
    ]
  },
  {
    "id": "609710",
    "title": "Frontend/React разработчик (Junior)",
    "minCompensation": 0,
    "compensation": "з/п не указана",
    "workSchedule": "Можно работать из дома",
    "employer": "ООО Прикладные технологии",
    "country": "Россия",
    "address": "Екатеринбург",
    "experience": "от 1 года до 3 лет",
    "description": "Профиль нашей компании – разработка ПО на заказ, и 80 % проектов выполняем для компаний из США и Европы. Работаем больше 20 лет, среди кейсов – сотрудничество с Intel и IBM.",
    "date": "03/06/2022",
    "employment": [
      "полная занятость",
      "гибкий график"
    ],
    "skills": [
      "Знание JavaScript (ES6), HTML, CSS",
      "Знание и понимание ООП и основ функционального программирования в JS, основных паттернов проектирования",
      "Опыт работы с React, Redux (либо другой стейт-менеджер - redux-saga, MobX)",
      "Знание английского языка на уровне, достаточном для ведения рабочей переписки"
    ]
  },
  {
    "id": "951614",
    "title": "Frontend-разработчик",
    "minCompensation": 45000,
    "compensation": "от 45 000 до 85 000 руб",
    "workSchedule": "",
    "employer": "ООО Гуру Групп",
    "country": "Россия",
    "address": "Челябинск",
    "experience": "от 1 года до 3 лет",
    "description": "Digital-студия ищет старшего Frontend-разработчика для разработки текущих и будущих проектов.",
    "date": "02/16/2022",
    "employment": [
      "полная занятость"
    ],
    "skills": [
      "HTML5",
      "CSS3",
      "JavaScript (ES6, ES6+)",
      "React",
      "Git (add, commit, merge, checkout, pull, push)",
      "GitHub (взаимодействие с репозиторием)"
    ]
  },
  {
    "id": "935421",
    "title": "Junior php разработчик",
    "minCompensation": 30000,
    "compensation": "от 30 000 до 60 000 руб",
    "workSchedule": "",
    "employer": "Компания Консалт Инфо",
    "country": "Россия",
    "address": "Калининград",
    "experience": "от 1 года до 3 лет",
    "description": "Наша команда занимается разработкой сайтов и веб-сервисов. Мы ищем php-разработчиков с базовыми знаниями php, mysql и html. Готовы обучать и вкладываться в начинающих кандидатов. Предоставляем условия для развития, достойную зарплату и дружный коллектив. (Рассмотрим не только джунов но и более опытных специалистов)",
    "date": "03/11/2022",
    "employment": [
      "полная занятость"
    ],
    "skills": [
      "Опыт работы с php, mysql",
      "Хорошее знание html и css",
      "Понимание javascript и ajax (в команде c frontend-разработчиком)",
      "Умение работать с git, плюсом опыт работы в командной строке",
      "Понимание процесса разработки, алгоритмов, умение читать чужой код"
    ]
  },
  {
    "id": "993584",
    "title": "Программист PHP (Junior)",
    "minCompensation": 40000,
    "compensation": "от 40 000 до 70 000 руб",
    "workSchedule": "",
    "employer": "ООО Технология Карьеры",
    "country": "Россия",
    "address": "Владивосток",
    "experience": "от 1 года до 3 лет",
    "description": "Если вы хотите развиваться в области современной разработки веб-приложений — приходите к нам! Мы готовы учить и растить сильных программистов, способных разрабатывать на серьезном «промышленном» уровне.",
    "date": "03/01/2022",
    "employment": [
      "полная занятость"
    ],
    "skills": [
      "Умение писать код на PHP7.0+",
      "Уверенные знания в HTML, CSS",
      "Опыт работы в консоли Linux",
      "Понимание работы с реляционными базами данных (MySQL, PostgreSQL ) и хорошее знание SQL",
      "Понимание ООП и паттернов проектирования",
      "Опыт работы с системами контроля версий (Git)",
      "Будет плюсом опыт работы с Docker"
    ]
  },
  {
    "id": "603007",
    "title": "FullStack Разработчик",
    "minCompensation": 120000,
    "compensation": "от 120 000 руб",
    "workSchedule": "",
    "employer": "ООО Бигль",
    "country": "Россия",
    "address": "Владивосток",
    "experience": "от 3 до 6 лет",
    "description": "Нам нужен сильный специалист на должность fullstack-разработчика, способный решать сложные и интересные архитектурные задачи по разработке E-commerce интернет-проектов и интеграции со сторонними сервисами.",
    "date": "03/06/2022",
    "employment": [
      "полная занятость"
    ],
    "skills": [
      "Разработка и развитие сайтов, веб-продуктов",
      "Выполнение задач, связанных с Front и Back разработкой",
      "Написание unit-тестов",
      "Работа с базой данных",
      "Код ревью",
      "Участие в планировании итераций",
      "Создание и пополнение технической документации"
    ]
  },
  {
    "id": "813410",
    "title": "Разработчик JavaScript Фронтол (Junior/Мiddle)",
    "minCompensation": 0,
    "compensation": "з/п не указана",
    "workSchedule": "",
    "employer": "ООО Софт",
    "country": "Россия",
    "address": "Калининград",
    "experience": "от 1 года до 3 лет",
    "description": "Робот Икс – российский ИТ-интегратор, работающий на рынках России и СНГ уже более 14 лет. Мы создаём и обслуживаем сервисы, которые помогают бизнесу работать эффективно за счет внедрения наиболее подходящих ИТ-решений.",
    "date": "03/12/2022",
    "employment": [
      "полная занятость"
    ],
    "skills": [
      "Разработка сценариев для кассового ПО Фронтол (JavaScript)",
      "Поддержка программного обеспечения после релиза",
      "Работа в команде",
      "Опыт работы от 1 года или знания после обучения и готовность учиться",
      "Знание JavaScript",
      "Понимание принципов ООП",
      "Знание технологий HTTP, REST API, JSON"
    ]
  },
  {
    "id": "823043",
    "title": "Веб-программист",
    "minCompensation": 50000,
    "compensation": "от 50 000 руб",
    "workSchedule": "возможен удаленный режим работы",
    "employer": "Tian Group",
    "country": "Россия",
    "address": "Челябинск",
    "experience": "от 1 года до 3 лет",
    "description": "Создание веб-сайтов на системах: 1C-Битрикс, NetCat, собственный фреймворк. Поддержка существующих и контроль качества вновь создаваемых веб-сайтов. Взаимодействие с отделом разработки, отделом рекламы и отделом продаж.",
    "date": "03/05/2022",
    "employment": [
      "полная занятость"
    ],
    "skills": [
      "Знания PHP, xHTML, CSS, JavaScript, mySQL, библиотек и фреймворков",
      "Опыт веб-разработок от 1-го года",
      "Уметь работать в команде, быстро и продуктивно",
      "Уметь самостоятельно находить решение задач, с которыми ранее не приходилось сталкиваться"
    ]
  },
  {
    "id": "218383",
    "title": "Frontend-разработчик (Веб разработка)",
    "minCompensation": 90000,
    "compensation": "от 90 000 до 130 000 руб",
    "workSchedule": "Можно работать из дома",
    "employer": "ООО Осьминожка",
    "country": "Россия",
    "address": "Москва",
    "experience": "от 1 года до 3 лет",
    "description": "Мы Осьминожка - digital агентство полного цикла, которое специализируется на разработке, продвижении и поддержке интернет проектов. Мы ищем человека, который станет частью нашей команды и возьмет на себя разработку frontend.",
    "date": "03/05/2022",
    "employment": [
      "полная занятость"
    ],
    "skills": [
      "Необходимо: Улучшать навык создания верстки по макетам",
      "Создавать на выходе классный фронтенд для будущих интернет-магазинов, лендингов, корпоративных сайтов и т.д",
      "Постоянно учиться и повышать скилл, работая со сложными и интересными задачами от Enterprise клиентов",
      "Требуются хорошие знания HTML/PUG, CSS/SCSS, JS/JQuery/Vue",
      "Умение делать адаптивную верстку и работать с Pixel Perfect",
      "css анимации",
      "js анимации gsap (библиотека)",
      "svg анимации (желательно smil)",
      "Опыт коммерческой разработки от 2-х лет",
      "Уметь работать с чужим кодом"
    ]
  },
  {
    "id": "026476",
    "title": "Front-end разработчик",
    "minCompensation": 300000,
    "compensation": "от 300 000 до 700 000 руб",
    "workSchedule": "Можно работать из дома",
    "employer": "PointPay",
    "country": "Россия",
    "address": "Москва",
    "experience": "более 6 лет",
    "description": "PointPay – криптовалютная банковская экосистема, входящая в 5-ку лидеров своего направления. Мы заменяем традиционную банковскую модель, позволяя осуществлять недорогие и мгновенные переводы средств по всему миру с использованием нашей собственной оффчейн-технологии и токена PointPay (PXP). Мы быстро растем и нам нужны сильные разработчики, чтобы вместе создавать революционный и самый технологичный продукт в мире. Pointpay.io",
    "date": "03/10/2022",
    "employment": [
      "полная занятость"
    ],
    "skills": [
      "опыт в создании веб-приложений в профессиональной команде (>3-х лет)",
      "Angular 12",
      "хорошие навыки NGRX (Redux), HTML + CSS",
      "pixelperfect",
      "SCSS",
      "Jira, Bitbucket, Figma, npm, RxJs"
    ]
  },
  {
    "id": "328426",
    "title": "Frontend-разработчик",
    "minCompensation": 100000,
    "compensation": "от 100 000 до 200 000 руб",
    "workSchedule": "Можно работать из дома",
    "employer": "ИП Наумова Ольга Эрнестовна",
    "country": "Россия",
    "address": "Санкт-Петербург",
    "experience": "от 3 до 6 лет",
    "description": "Приглашаем в свою Команду Frontend разработчика!",
    "date": "03/04/2022",
    "employment": [
      "полная занятость",
      "удаленная работа"
    ],
    "skills": [
      "Хорошие знания JavaScript, ES6+",
      "Опыт работы с Vue.js/Nuxt.js",
      "Опыт работы с Vuex и построении store приложения",
      "Понимание взаимодействия между client и server, передачи и хранения данных, RESTFul",
      "Отличные знания HTML5 и CSS3 (чистый код, семантическая верстка, flexbox, grid, CSS анимации, a11y)",
      "Умение работать в команде и разбираться в чужом коде",
      "Личные качества: ответственность, быстрая обучаемость, самостоятельность и инициативность, умение решать задачи эффективно и в срок",
      "Знание английского языка на уровне чтения тех. литературы",
      "Заинтересованность, желание сделать проект лучше"
    ]
  },
  {
    "id": "933368",
    "title": "JavaScript разработчик (удалённо)",
    "minCompensation": 200500,
    "compensation": "от 200 500 до 300 500 руб.",
    "workSchedule": "Можно работать из дома",
    "employer": "SimpleTexting",
    "country": "Россия",
    "address": "Санкт-Петербург",
    "experience": "от 3 до 6 лет",
    "description": "SimpleTexting расширяет команду разработки, мы ищем опытного JavaScript программиста со знанием ReactJS. Предстоит активная разработка новой функциональности и технические задачи по развитию архитектуры платформы, участие в код ревью и других процессах компании.",
    "date": "03/05/2022",
    "employment": [
      "полная занятость",
      "удаленная работа"
    ],
    "skills": [
      "Умение писать рабочий, поддерживаемый и тестируемый код",
      "Уверенное знание JavaScript ES6+, TypeScript",
      "Опыт разработки на ReactJS/Redux от 3-х лет",
      "Опыт работы с Git",
      "Опыт разработки сложных SPA веб-приложений",
      "Английский требуется на уровне чтения технической документации, предпочтительно свободное владение"
    ]
  },
  {
    "id": "648706",
    "title": "Junior frontend-разработчик / Программист",
    "minCompensation": 30000,
    "compensation": "от 30 000 руб",
    "workSchedule": "Возможна подработка",
    "employer": "SimpleTexting",
    "country": "Россия",
    "address": "Санкт-Петербург",
    "experience": "от 1 года до 3 лет",
    "description": "Нам нужен ты и такие как ты - ребята умеющие выполнять простые и средние задачи с сайтами на битрикс. Мы не работаем с системой \"почасовой оплаты\", вместо этого у нас фиксированная цена за задачу. Не важно - это 3 минуты потраченные на установку яндекс метрики или 2 часа на правку блока сайта, оплата одинаковая.",
    "date": "03/11/2022",
    "employment": [
      "полная занятость",
      "удаленная работа"
    ],
    "skills": [
      "Стабильный объем работы каждый месяц",
      "Ежедневная или еженедельная оплата (как тебе удобнее)",
      "Ни кто не торопит, без часовой системы работаешь в комфортном темпе",
      "Не нужны мощные скиллы, умение работать с ftp и понимание функционала битрикса достаточно",
      "Грейдовая система оплаты: начинаешь с базовой ставки за задачу, делаешь задачи без косяков через 2-3 месяца повышаем оплату за задачи",
      "Собственная библиотека знаний и инструкций по битриксу",
      "График работы выбираешь сам",
      "Мы приветствуем если у тебя есть основная занятость, все наши разработчики имеют основную занятость и работают с нами в контексте подработки"
    ]
  },
  {
    "id": "971904",
    "title": "Junior Frontend разработчик",
    "minCompensation": 30000,
    "compensation": "30 000 – 35 000 грн.",
    "workSchedule": "Можно работать из дома",
    "employer": "ITeme",
    "country": "Украина",
    "address": "Киев",
    "experience": "от 1 года до 3 лет",
    "description": "Я ищу фронтенд-разработчика в команду маркетинга «Дадаты» — облачного B2B-сервиса, который приводит в порядок контактные данные: адреса, ФИО, телефоны, реквизиты компаний. Каждый день «Дадату» используют тысячи компаний и миллионы их клиентов. Команда маркетинга и аналитики постоянно пробует новые гипотезы и рыночные ниши. Нужен разработчик, который будет им помогать, создавая промо-страницы, прототипы и демки в вебе.",
    "date": "02/21/2022",
    "employment": [
      "полная занятость",
      "удаленная работа"
    ],
    "skills": [
      "Отличное знание современного JavaScript и браузерных API",
      "Отличное знание современного CSS",
      "Опыт работы с Vue.js (либо React / Angular и готовность освоить Vue)",
      "Умение писать понятный поддерживаемый код с тестами",
      "Фокус на пользователях, а не инфраструктуре и тулинге"
    ]
  },
  {
    "id": "732425",
    "title": "Frontend-разработчик",
    "minCompensation": 11000,
    "compensation": "от 11 000 до 16 000 грн.",
    "workSchedule": "",
    "employer": "ApoIT",
    "country": "Украина",
    "address": "Харьков",
    "experience": "Нет опыта",
    "description": "Нам нужен специалист со знаниями в области frontend разработки, желанием развиваться и совершенствоваться и умением самостоятельно разобраться с задачей.",
    "date": "02/24/2022",
    "employment": [
      "полная занятость"
    ],
    "skills": [
      "Обязательно знание: HTML, CSS/SCSS, JS, Vue.js",
      "Плюсом: php, git, node.js + npm+ gulp + webpack, bootstrap",
      "Задачи: Создание/обновление фронтенд части проекта,  верстка новых страниц, исправление ошибок, адаптация"
    ]
  },
  {
    "id": "048022",
    "title": "Frontend-разработчик",
    "minCompensation": 20000,
    "compensation": "от 20 000 до 23 000 грн.",
    "workSchedule": "",
    "employer": "ChaIT",
    "country": "Украина",
    "address": "Одесса",
    "experience": "от 1 года до 3 лет",
    "description": "Развивать интернет магазины компании, Развивать личные кабинеты клиентов (B2C), Разрабатывать и развивать внутренние сервисы компании (B2B), Обеспечивать переход на новый технологический стэк",
    "date": "02/11/2022",
    "employment": [
      "полная занятость"
    ],
    "skills": [
      "Опыт разработки на JavaScript (ES6+) от 1 года",
      "Опыт разработки на React",
      "Опыт использования React Hooks",
      "Теоретические и практические знания State manager",
      "Теоретические и практические знания кросс-браузерной верстки (HTML5, CSS3, SCSS или других препроцессоров)",
      "Практический опыт работы с REST",
      "Знание стандартов оформления кода",
      "Понимание процесса проектирования пользовательских интерфейсов",
      "Понимание асинхронной модели выполнения",
      "Теоретические знания процесса тестирования ПО",
      "Практический опыт использования Git"
    ]
  },
  {
    "id": "161431",
    "title": "Frontend/React разработчик (Junior)",
    "minCompensation": 0,
    "compensation": "з/п не указана",
    "workSchedule": "Можно работать из дома",
    "employer": "IT Skill",
    "country": "Украина",
    "address": "Днепропетровск",
    "experience": "от 1 года до 3 лет",
    "description": "Профиль нашей компании – разработка ПО на заказ, и 80 % проектов выполняем для компаний из США и Европы. Работаем больше 20 лет, среди кейсов – сотрудничество с Intel и IBM.",
    "date": "02/16/2022",
    "employment": [
      "полная занятость",
      "гибкий график"
    ],
    "skills": [
      "Знание JavaScript (ES6), HTML, CSS",
      "Знание и понимание ООП и основ функционального программирования в JS, основных паттернов проектирования",
      "Опыт работы с React, Redux (либо другой стейт-менеджер - redux-saga, MobX)",
      "Знание английского языка на уровне, достаточном для ведения рабочей переписки"
    ]
  },
  {
    "id": "995544",
    "title": "Frontend-разработчик",
    "minCompensation": 10000,
    "compensation": "от 10 000 до 20 000 грн",
    "workSchedule": "",
    "employer": "Itas",
    "country": "Украина",
    "address": "Донецк",
    "experience": "от 1 года до 3 лет",
    "description": "Digital-студия ищет старшего Frontend-разработчика для разработки текущих и будущих проектов.",
    "date": "02/16/2022",
    "employment": [
      "полная занятость"
    ],
    "skills": [
      "HTML5",
      "CSS3",
      "JavaScript (ES6, ES6+)",
      "React",
      "Git (add, commit, merge, checkout, pull, push)",
      "GitHub (взаимодействие с репозиторием)"
    ]
  },
  {
    "id": "776189",
    "title": "Junior php разработчик",
    "minCompensation": 7500,
    "compensation": "от 7 500 до 14 000 грн",
    "workSchedule": "",
    "employer": "IT business",
    "country": "Украина",
    "address": "Львов",
    "experience": "от 1 года до 3 лет",
    "description": "Наша команда занимается разработкой сайтов и веб-сервисов. Мы ищем php-разработчиков с базовыми знаниями php, mysql и html. Готовы обучать и вкладываться в начинающих кандидатов. Предоставляем условия для развития, достойную зарплату и дружный коллектив. (Рассмотрим не только джунов но и более опытных специалистов)",
    "date": "03/10/2022",
    "employment": [
      "полная занятость"
    ],
    "skills": [
      "Опыт работы с php, mysql",
      "Хорошее знание html и css",
      "Понимание javascript и ajax (в команде c frontend-разработчиком)",
      "Умение работать с git, плюсом опыт работы в командной строке",
      "Понимание процесса разработки, алгоритмов, умение читать чужой код"
    ]
  },
  {
    "id": "310979",
    "title": "Программист PHP (Junior)",
    "minCompensation": 10000,
    "compensation": "от 10 000 до 17 000 грн",
    "workSchedule": "",
    "employer": "Itory",
    "country": "Украина",
    "address": "Одесса",
    "experience": "от 1 года до 3 лет",
    "description": "Если вы хотите развиваться в области современной разработки веб-приложений — приходите к нам! Мы готовы учить и растить сильных программистов, способных разрабатывать на серьезном «промышленном» уровне.",
    "date": "02/01/2022",
    "employment": [
      "полная занятость"
    ],
    "skills": [
      "Умение писать код на PHP7.0+",
      "Уверенные знания в HTML, CSS",
      "Опыт работы в консоли Linux",
      "Понимание работы с реляционными базами данных (MySQL, PostgreSQL ) и хорошее знание SQL",
      "Понимание ООП и паттернов проектирования",
      "Опыт работы с системами контроля версий (Git)",
      "Будет плюсом опыт работы с Docker"
    ]
  },
  {
    "id": "441276",
    "title": "FullStack Разработчик",
    "minCompensation": 30000,
    "compensation": "от 30 000 грн",
    "workSchedule": "",
    "employer": "Maintenance",
    "country": "Украина",
    "address": "Одесса",
    "experience": "от 3 до 6 лет",
    "description": "Нам нужен сильный специалист на должность fullstack-разработчика, способный решать сложные и интересные архитектурные задачи по разработке E-commerce интернет-проектов и интеграции со сторонними сервисами.",
    "date": "02/06/2022",
    "employment": [
      "полная занятость"
    ],
    "skills": [
      "Разработка и развитие сайтов, веб-продуктов",
      "Выполнение задач, связанных с Front и Back разработкой",
      "Написание unit-тестов",
      "Работа с базой данных",
      "Код ревью",
      "Участие в планировании итераций",
      "Создание и пополнение технической документации"
    ]
  },
  {
    "id": "700624",
    "title": "Разработчик JavaScript Фронтол (Junior/Мiddle)",
    "minCompensation": 0,
    "compensation": "з/п не указана",
    "workSchedule": "",
    "employer": "Improve",
    "country": "Украина",
    "address": "Львов",
    "experience": "от 1 года до 3 лет",
    "description": "Improve – украинский ИТ-интегратор, работающий на рынках Украины и СНГ уже более 14 лет. Мы создаём и обслуживаем сервисы, которые помогают бизнесу работать эффективно за счет внедрения наиболее подходящих ИТ-решений.",
    "date": "03/11/2022",
    "employment": [
      "полная занятость"
    ],
    "skills": [
      "Разработка сценариев для кассового ПО Фронтол (JavaScript)",
      "Поддержка программного обеспечения после релиза",
      "Работа в команде",
      "Опыт работы от 1 года или знания после обучения и готовность учиться",
      "Знание JavaScript",
      "Понимание принципов ООП",
      "Знание технологий HTTP, REST API, JSON"
    ]
  },
  {
    "id": "567077",
    "title": "Веб-программист",
    "minCompensation": 12000,
    "compensation": "от 12 000 грн",
    "workSchedule": "возможен удаленный режим работы",
    "employer": "froIt",
    "country": "Украина",
    "address": "Киев",
    "experience": "от 1 года до 3 лет",
    "description": "Создание веб-сайтов на системах: 1C-Битрикс, NetCat, собственный фреймворк. Поддержка существующих и контроль качества вновь создаваемых веб-сайтов. Взаимодействие с отделом разработки, отделом рекламы и отделом продаж.",
    "date": "01/25/2022",
    "employment": [
      "полная занятость"
    ],
    "skills": [
      "Знания PHP, xHTML, CSS, JavaScript, mySQL, библиотек и фреймворков",
      "Опыт веб-разработок от 1-го года",
      "Уметь работать в команде, быстро и продуктивно",
      "Уметь самостоятельно находить решение задач, с которыми ранее не приходилось сталкиваться"
    ]
  },
  {
    "id": "619992",
    "title": "Frontend-разработчик (Веб разработка)",
    "minCompensation": 22000,
    "compensation": "от 22 000 до 32 000 грн",
    "workSchedule": "Можно работать из дома",
    "employer": "Wireless",
    "country": "Украина",
    "address": "Киев",
    "experience": "от 1 года до 3 лет",
    "description": "Мы Wireless - digital агентство полного цикла, которое специализируется на разработке, продвижении и поддержке интернет проектов. Мы ищем человека, который станет частью нашей команды и возьмет на себя разработку frontend.",
    "date": "02/15/2022",
    "employment": [
      "полная занятость"
    ],
    "skills": [
      "Необходимо: Улучшать навык создания верстки по макетам",
      "Создавать на выходе классный фронтенд для будущих интернет-магазинов, лендингов, корпоративных сайтов и т.д",
      "Постоянно учиться и повышать скилл, работая со сложными и интересными задачами от Enterprise клиентов",
      "Требуются хорошие знания HTML/PUG, CSS/SCSS, JS/JQuery/Vue",
      "Умение делать адаптивную верстку и работать с Pixel Perfect",
      "css анимации",
      "js анимации gsap (библиотека)",
      "svg анимации (желательно smil)",
      "Опыт коммерческой разработки от 2-х лет",
      "Уметь работать с чужим кодом"
    ]
  },
  {
    "id": "312708",
    "title": "Front-end разработчик",
    "minCompensation": 75000,
    "compensation": "от 75 000 до 170 000 грн",
    "workSchedule": "Можно работать из дома",
    "employer": "Mielt",
    "country": "Украина",
    "address": "Киев",
    "experience": "более 6 лет",
    "description": "PointPay – криптовалютная банковская экосистема, входящая в 5-ку лидеров своего направления. Мы заменяем традиционную банковскую модель, позволяя осуществлять недорогие и мгновенные переводы средств по всему миру с использованием нашей собственной оффчейн-технологии и токена PointPay (PXP). Мы быстро растем и нам нужны сильные разработчики, чтобы вместе создавать революционный и самый технологичный продукт в мире. Pointpay.io",
    "date": "02/14/2022",
    "employment": [
      "полная занятость"
    ],
    "skills": [
      "опыт в создании веб-приложений в профессиональной команде (>3-х лет)",
      "Angular 12",
      "хорошие навыки NGRX (Redux), HTML + CSS",
      "pixelperfect",
      "SCSS",
      "Jira, Bitbucket, Figma, npm, RxJs"
    ]
  },
  {
    "id": "218349",
    "title": "Frontend-разработчик",
    "minCompensation": 25000,
    "compensation": "от 25 000 до 50 000 грн",
    "workSchedule": "Можно работать из дома",
    "employer": "Харьков IT",
    "country": "Украина",
    "address": "Харьков",
    "experience": "от 3 до 6 лет",
    "description": "Приглашаем в свою Команду Frontend разработчика!",
    "date": "02/02/2022",
    "employment": [
      "полная занятость",
      "удаленная работа"
    ],
    "skills": [
      "Хорошие знания JavaScript, ES6+",
      "Опыт работы с Vue.js/Nuxt.js",
      "Опыт работы с Vuex и построении store приложения",
      "Понимание взаимодействия между client и server, передачи и хранения данных, RESTFul",
      "Отличные знания HTML5 и CSS3 (чистый код, семантическая верстка, flexbox, grid, CSS анимации, a11y)",
      "Умение работать в команде и разбираться в чужом коде",
      "Личные качества: ответственность, быстрая обучаемость, самостоятельность и инициативность, умение решать задачи эффективно и в срок",
      "Знание английского языка на уровне чтения тех. литературы",
      "Заинтересованность, желание сделать проект лучше"
    ]
  },
  {
    "id": "023989",
    "title": "JavaScript разработчик (удалённо)",
    "minCompensation": 50000,
    "compensation": "от 50 500 до 75 500 грн.",
    "workSchedule": "Можно работать из дома",
    "employer": "Biometrics",
    "country": "Украина",
    "address": "Харьков",
    "experience": "от 3 до 6 лет",
    "description": "SimpleTexting расширяет команду разработки, мы ищем опытного JavaScript программиста со знанием ReactJS. Предстоит активная разработка новой функциональности и технические задачи по развитию архитектуры платформы, участие в код ревью и других процессах компании.",
    "date": "02/05/2022",
    "employment": [
      "полная занятость",
      "удаленная работа"
    ],
    "skills": [
      "Умение писать рабочий, поддерживаемый и тестируемый код",
      "Уверенное знание JavaScript ES6+, TypeScript",
      "Опыт разработки на ReactJS/Redux от 3-х лет",
      "Опыт работы с Git",
      "Опыт разработки сложных SPA веб-приложений",
      "Английский требуется на уровне чтения технической документации, предпочтительно свободное владение"
    ]
  },
  {
    "id": "769873",
    "title": "Junior frontend-разработчик / Программист",
    "minCompensation": 7500,
    "compensation": "от 7 500 грн",
    "workSchedule": "Возможна подработка",
    "employer": "Scanned",
    "country": "Украина",
    "address": "Харьков",
    "experience": "от 1 года до 3 лет",
    "description": "Нам нужен ты и такие как ты - ребята умеющие выполнять простые и средние задачи с сайтами на битрикс. Мы не работаем с системой \"почасовой оплаты\", вместо этого у нас фиксированная цена за задачу. Не важно - это 3 минуты потраченные на установку яндекс метрики или 2 часа на правку блока сайта, оплата одинаковая.",
    "date": "02/03/2022",
    "employment": [
      "полная занятость",
      "удаленная работа"
    ],
    "skills": [
      "Стабильный объем работы каждый месяц",
      "Ежедневная или еженедельная оплата (как тебе удобнее)",
      "Ни кто не торопит, без часовой системы работаешь в комфортном темпе",
      "Не нужны мощные скиллы, умение работать с ftp и понимание функционала битрикса достаточно",
      "Грейдовая система оплаты: начинаешь с базовой ставки за задачу, делаешь задачи без косяков через 2-3 месяца повышаем оплату за задачи",
      "Собственная библиотека знаний и инструкций по битриксу",
      "График работы выбираешь сам",
      "Мы приветствуем если у тебя есть основная занятость, все наши разработчики имеют основную занятость и работают с нами в контексте подработки"
    ]
  },
  {
    "id": "446799",
    "title": "Junior Frontend разработчик",
    "minCompensation": 500000,
    "compensation": "500 000 – 620 000 KZT",
    "workSchedule": "Можно работать из дома",
    "employer": "HFLabs",
    "country": "Казахстан",
    "address": "Нур-Султан",
    "experience": "от 1 года до 3 лет",
    "description": "Я ищу фронтенд-разработчика в команду маркетинга «Дадаты» — облачного B2B-сервиса, который приводит в порядок контактные данные: адреса, ФИО, телефоны, реквизиты компаний. Каждый день «Дадату» используют тысячи компаний и миллионы их клиентов. Команда маркетинга и аналитики постоянно пробует новые гипотезы и рыночные ниши. Нужен разработчик, который будет им помогать, создавая промо-страницы, прототипы и демки в вебе.",
    "date": "03/09/2022",
    "employment": [
      "полная занятость",
      "удаленная работа"
    ],
    "skills": [
      "Отличное знание современного JavaScript и браузерных API",
      "Отличное знание современного CSS",
      "Опыт работы с Vue.js (либо React / Angular и готовность освоить Vue)",
      "Умение писать понятный поддерживаемый код с тестами",
      "Фокус на пользователях, а не инфраструктуре и тулинге"
    ]
  },


  {
    "id": "609710",
    "title": "Frontend/React разработчик (Junior)",
    "minCompensation": 0,
    "compensation": "з/п не указана",
    "workSchedule": "Можно работать из дома",
    "employer": "Applied Technologies",
    "country": "Казахстан",
    "address": "Актобе",
    "experience": "от 1 года до 3 лет",
    "description": "Профиль нашей компании – разработка ПО на заказ, и 80 % проектов выполняем для компаний из США и Европы. Работаем больше 20 лет, среди кейсов – сотрудничество с Intel и IBM.",
    "date": "03/06/2022",
    "employment": [
      "полная занятость",
      "гибкий график"
    ],
    "skills": [
      "Знание JavaScript (ES6), HTML, CSS",
      "Знание и понимание ООП и основ функционального программирования в JS, основных паттернов проектирования",
      "Опыт работы с React, Redux (либо другой стейт-менеджер - redux-saga, MobX)",
      "Знание английского языка на уровне, достаточном для ведения рабочей переписки"
    ]
  },
  {
    "id": "951614",
    "title": "Frontend-разработчик",
    "minCompensation": 190000,
    "compensation": "от 190 000 до 350 000 KZT",
    "workSchedule": "",
    "employer": "Guru Group",
    "country": "Казахстан",
    "address": "Алматы",
    "experience": "от 1 года до 3 лет",
    "description": "Digital-студия ищет старшего Frontend-разработчика для разработки текущих и будущих проектов.",
    "date": "03/12/2022",
    "employment": [
      "полная занятость"
    ],
    "skills": [
      "HTML5",
      "CSS3",
      "JavaScript (ES6, ES6+)",
      "React",
      "Git (add, commit, merge, checkout, pull, push)",
      "GitHub (взаимодействие с репозиторием)"
    ]
  },
  {
    "id": "935421",
    "title": "Junior php разработчик",
    "minCompensation": 125000,
    "compensation": "от 125 000 до 250 000 KZT",
    "workSchedule": "",
    "employer": "Компания Консалт Инфо",
    "country": "Казахстан",
    "address": "Павлодар",
    "experience": "от 1 года до 3 лет",
    "description": "Наша команда занимается разработкой сайтов и веб-сервисов. Мы ищем php-разработчиков с базовыми знаниями php, mysql и html. Готовы обучать и вкладываться в начинающих кандидатов. Предоставляем условия для развития, достойную зарплату и дружный коллектив. (Рассмотрим не только джунов но и более опытных специалистов)",
    "date": "03/02/2022",
    "employment": [
      "полная занятость"
    ],
    "skills": [
      "Опыт работы с php, mysql",
      "Хорошее знание html и css",
      "Понимание javascript и ajax (в команде c frontend-разработчиком)",
      "Умение работать с git, плюсом опыт работы в командной строке",
      "Понимание процесса разработки, алгоритмов, умение читать чужой код"
    ]
  },
  {
    "id": "993584",
    "title": "Программист PHP (Junior)",
    "minCompensation": 165500,
    "compensation": "от 165 500 до 290 000 KZT",
    "workSchedule": "",
    "employer": "Tech Career",
    "country": "Казахстан",
    "address": "Тараз",
    "experience": "от 1 года до 3 лет",
    "description": "Если вы хотите развиваться в области современной разработки веб-приложений — приходите к нам! Мы готовы учить и растить сильных программистов, способных разрабатывать на серьезном «промышленном» уровне.",
    "date": "03/01/2022",
    "employment": [
      "полная занятость"
    ],
    "skills": [
      "Умение писать код на PHP7.0+",
      "Уверенные знания в HTML, CSS",
      "Опыт работы в консоли Linux",
      "Понимание работы с реляционными базами данных (MySQL, PostgreSQL ) и хорошее знание SQL",
      "Понимание ООП и паттернов проектирования",
      "Опыт работы с системами контроля версий (Git)",
      "Будет плюсом опыт работы с Docker"
    ]
  },
  {
    "id": "603007",
    "title": "FullStack Разработчик",
    "minCompensation": 500000,
    "compensation": "от 500 000 KZT",
    "workSchedule": "",
    "employer": "Bugle",
    "country": "Казахстан",
    "address": "Усть-Каменогорск",
    "experience": "от 3 до 6 лет",
    "description": "Нам нужен сильный специалист на должность fullstack-разработчика, способный решать сложные и интересные архитектурные задачи по разработке E-commerce интернет-проектов и интеграции со сторонними сервисами.",
    "date": "03/06/2022",
    "employment": [
      "полная занятость"
    ],
    "skills": [
      "Разработка и развитие сайтов, веб-продуктов",
      "Выполнение задач, связанных с Front и Back разработкой",
      "Написание unit-тестов",
      "Работа с базой данных",
      "Код ревью",
      "Участие в планировании итераций",
      "Создание и пополнение технической документации"
    ]
  },
  {
    "id": "813410",
    "title": "Разработчик JavaScript Фронтол (Junior/Мiddle)",
    "minCompensation": 0,
    "compensation": "з/п не указана",
    "workSchedule": "",
    "employer": "Soft",
    "country": "Казахстан",
    "address": "Усть-Каменогорск",
    "experience": "от 1 года до 3 лет",
    "description": "Soft –  ИТ-интегратор, работающий на рынках СНГ уже более 14 лет. Мы создаём и обслуживаем сервисы, которые помогают бизнесу работать эффективно за счет внедрения наиболее подходящих ИТ-решений.",
    "date": "03/11/2022",
    "employment": [
      "полная занятость"
    ],
    "skills": [
      "Разработка сценариев для кассового ПО Фронтол (JavaScript)",
      "Поддержка программного обеспечения после релиза",
      "Работа в команде",
      "Опыт работы от 1 года или знания после обучения и готовность учиться",
      "Знание JavaScript",
      "Понимание принципов ООП",
      "Знание технологий HTTP, REST API, JSON"
    ]
  },
  {
    "id": "823043",
    "title": "Веб-программист",
    "minCompensation": 200000,
    "compensation": "от 200 000 KZT",
    "workSchedule": "возможен удаленный режим работы",
    "employer": "Tian Group",
    "country": "Казахстан",
    "address": "Тараз",
    "experience": "от 1 года до 3 лет",
    "description": "Создание веб-сайтов на системах: 1C-Битрикс, NetCat, собственный фреймворк. Поддержка существующих и контроль качества вновь создаваемых веб-сайтов. Взаимодействие с отделом разработки, отделом рекламы и отделом продаж.",
    "date": "03/05/2022",
    "employment": [
      "полная занятость"
    ],
    "skills": [
      "Знания PHP, xHTML, CSS, JavaScript, mySQL, библиотек и фреймворков",
      "Опыт веб-разработок от 1-го года",
      "Уметь работать в команде, быстро и продуктивно",
      "Уметь самостоятельно находить решение задач, с которыми ранее не приходилось сталкиваться"
    ]
  },
  {
    "id": "218383",
    "title": "Frontend-разработчик (Веб разработка)",
    "minCompensation": 370000,
    "compensation": "от 370 000 до 540 000 KZT",
    "workSchedule": "Можно работать из дома",
    "employer": "Kids digital",
    "country": "Казахстан",
    "address": "Павлодар",
    "experience": "от 1 года до 3 лет",
    "description": "Мы Kids digital - digital агентство полного цикла, которое специализируется на разработке, продвижении и поддержке интернет проектов. Мы ищем человека, который станет частью нашей команды и возьмет на себя разработку frontend.",
    "date": "03/05/2022",
    "employment": [
      "полная занятость"
    ],
    "skills": [
      "Необходимо: Улучшать навык создания верстки по макетам",
      "Создавать на выходе классный фронтенд для будущих интернет-магазинов, лендингов, корпоративных сайтов и т.д",
      "Постоянно учиться и повышать скилл, работая со сложными и интересными задачами от Enterprise клиентов",
      "Требуются хорошие знания HTML/PUG, CSS/SCSS, JS/JQuery/Vue",
      "Умение делать адаптивную верстку и работать с Pixel Perfect",
      "css анимации",
      "js анимации gsap (библиотека)",
      "svg анимации (желательно smil)",
      "Опыт коммерческой разработки от 2-х лет",
      "Уметь работать с чужим кодом"
    ]
  },
  {
    "id": "026476",
    "title": "Front-end разработчик",
    "minCompensation": 1250000,
    "compensation": "от 300 000 до 2 900 000 KZT",
    "workSchedule": "Можно работать из дома",
    "employer": "PointPay",
    "country": "Казахстан",
    "address": "Алматы",
    "experience": "более 6 лет",
    "description": "PointPay – криптовалютная банковская экосистема, входящая в 5-ку лидеров своего направления. Мы заменяем традиционную банковскую модель, позволяя осуществлять недорогие и мгновенные переводы средств по всему миру с использованием нашей собственной оффчейн-технологии и токена PointPay (PXP). Мы быстро растем и нам нужны сильные разработчики, чтобы вместе создавать революционный и самый технологичный продукт в мире. Pointpay.io",
    "date": "03/04/2022",
    "employment": [
      "полная занятость"
    ],
    "skills": [
      "опыт в создании веб-приложений в профессиональной команде (>3-х лет)",
      "Angular 12",
      "хорошие навыки NGRX (Redux), HTML + CSS",
      "pixelperfect",
      "SCSS",
      "Jira, Bitbucket, Figma, npm, RxJs"
    ]
  },
  {
    "id": "933368",
    "title": "JavaScript разработчик (удалённо)",
    "minCompensation": 200500,
    "compensation": "от 200 500 до 300 500 KZT",
    "workSchedule": "Можно работать из дома",
    "employer": "SimpleTexting",
    "country": "Казахстан",
    "address": "Актобе",
    "experience": "от 3 до 6 лет",
    "description": "SimpleTexting расширяет команду разработки, мы ищем опытного JavaScript программиста со знанием ReactJS. Предстоит активная разработка новой функциональности и технические задачи по развитию архитектуры платформы, участие в код ревью и других процессах компании.",
    "date": "03/11/2022",
    "employment": [
      "полная занятость",
      "удаленная работа"
    ],
    "skills": [
      "Умение писать рабочий, поддерживаемый и тестируемый код",
      "Уверенное знание JavaScript ES6+, TypeScript",
      "Опыт разработки на ReactJS/Redux от 3-х лет",
      "Опыт работы с Git",
      "Опыт разработки сложных SPA веб-приложений",
      "Английский требуется на уровне чтения технической документации, предпочтительно свободное владение"
    ]
  },
  {
    "id": "648706",
    "title": "Junior frontend-разработчик / Программист",
    "minCompensation": 125000,
    "compensation": "от 125 000 KZT",
    "workSchedule": "Возможна подработка",
    "employer": "SimpleTexting",
    "country": "Казахстан",
    "address": "Нур-Султан",
    "experience": "от 1 года до 3 лет",
    "description": "Нам нужен ты и такие как ты - ребята умеющие выполнять простые и средние задачи с сайтами на битрикс. Мы не работаем с системой \"почасовой оплаты\", вместо этого у нас фиксированная цена за задачу. Не важно - это 3 минуты потраченные на установку яндекс метрики или 2 часа на правку блока сайта, оплата одинаковая.",
    "date": "03/03/2022",
    "employment": [
      "полная занятость",
      "удаленная работа"
    ],
    "skills": [
      "Стабильный объем работы каждый месяц",
      "Ежедневная или еженедельная оплата (как тебе удобнее)",
      "Ни кто не торопит, без часовой системы работаешь в комфортном темпе",
      "Не нужны мощные скиллы, умение работать с ftp и понимание функционала битрикса достаточно",
      "Грейдовая система оплаты: начинаешь с базовой ставки за задачу, делаешь задачи без косяков через 2-3 месяца повышаем оплату за задачи",
      "Собственная библиотека знаний и инструкций по битриксу",
      "График работы выбираешь сам",
      "Мы приветствуем если у тебя есть основная занятость, все наши разработчики имеют основную занятость и работают с нами в контексте подработки"
    ]
  },
  {
    "id": "446799",
    "title": "Junior Frontend разработчик",
    "minCompensation": 1000,
    "compensation": "1 000 – 1 200 USD",
    "workSchedule": "Можно работать из дома",
    "employer": "HFLabs",
    "country": "Беларусь",
    "address": "Гродно",
    "experience": "от 1 года до 3 лет",
    "description": "Я ищу фронтенд-разработчика в команду маркетинга «Дадаты» — облачного B2B-сервиса, который приводит в порядок контактные данные: адреса, ФИО, телефоны, реквизиты компаний. Каждый день «Дадату» используют тысячи компаний и миллионы их клиентов. Команда маркетинга и аналитики постоянно пробует новые гипотезы и рыночные ниши. Нужен разработчик, который будет им помогать, создавая промо-страницы, прототипы и демки в вебе.",
    "date": "03/09/2022",
    "employment": [
      "полная занятость",
      "удаленная работа"
    ],
    "skills": [
      "Отличное знание современного JavaScript и браузерных API",
      "Отличное знание современного CSS",
      "Опыт работы с Vue.js (либо React / Angular и готовность освоить Vue)",
      "Умение писать понятный поддерживаемый код с тестами",
      "Фокус на пользователях, а не инфраструктуре и тулинге"
    ]
  },


  {
    "id": "609710",
    "title": "Frontend/React разработчик (Junior)",
    "minCompensation": 0,
    "compensation": "з/п не указана",
    "workSchedule": "Можно работать из дома",
    "employer": "Applied Technologies",
    "country": "Беларусь",
    "address": "Витебск",
    "experience": "от 1 года до 3 лет",
    "description": "Профиль нашей компании – разработка ПО на заказ, и 80 % проектов выполняем для компаний из США и Европы. Работаем больше 20 лет, среди кейсов – сотрудничество с Intel и IBM.",
    "date": "03/10/2022",
    "employment": [
      "полная занятость",
      "гибкий график"
    ],
    "skills": [
      "Знание JavaScript (ES6), HTML, CSS",
      "Знание и понимание ООП и основ функционального программирования в JS, основных паттернов проектирования",
      "Опыт работы с React, Redux (либо другой стейт-менеджер - redux-saga, MobX)",
      "Знание английского языка на уровне, достаточном для ведения рабочей переписки"
    ]
  },
  {
    "id": "951614",
    "title": "Frontend-разработчик",
    "minCompensation": 360,
    "compensation": "от 360 до 685 USD",
    "workSchedule": "",
    "employer": "Guru Group",
    "country": "Беларусь",
    "address": "Минск",
    "experience": "от 1 года до 3 лет",
    "description": "Digital-студия ищет старшего Frontend-разработчика для разработки текущих и будущих проектов.",
    "date": "02/16/2022",
    "employment": [
      "полная занятость"
    ],
    "skills": [
      "HTML5",
      "CSS3",
      "JavaScript (ES6, ES6+)",
      "React",
      "Git (add, commit, merge, checkout, pull, push)",
      "GitHub (взаимодействие с репозиторием)"
    ]
  },
  {
    "id": "935421",
    "title": "Junior php разработчик",
    "minCompensation": 250,
    "compensation": "от 250 до 500 USD",
    "workSchedule": "",
    "employer": "Компания Консалт Инфо",
    "country": "Беларусь",
    "address": "Брест",
    "experience": "от 1 года до 3 лет",
    "description": "Наша команда занимается разработкой сайтов и веб-сервисов. Мы ищем php-разработчиков с базовыми знаниями php, mysql и html. Готовы обучать и вкладываться в начинающих кандидатов. Предоставляем условия для развития, достойную зарплату и дружный коллектив. (Рассмотрим не только джунов но и более опытных специалистов)",
    "date": "03/02/2022",
    "employment": [
      "полная занятость"
    ],
    "skills": [
      "Опыт работы с php, mysql",
      "Хорошее знание html и css",
      "Понимание javascript и ajax (в команде c frontend-разработчиком)",
      "Умение работать с git, плюсом опыт работы в командной строке",
      "Понимание процесса разработки, алгоритмов, умение читать чужой код"
    ]
  },
  {
    "id": "993584",
    "title": "Программист PHP (Junior)",
    "minCompensation": 350,
    "compensation": "от 350 до 500 USD",
    "workSchedule": "",
    "employer": "Tech Career",
    "country": "Беларусь",
    "address": "Гомель",
    "experience": "от 1 года до 3 лет",
    "description": "Если вы хотите развиваться в области современной разработки веб-приложений — приходите к нам! Мы готовы учить и растить сильных программистов, способных разрабатывать на серьезном «промышленном» уровне.",
    "date": "03/11/2022",
    "employment": [
      "полная занятость"
    ],
    "skills": [
      "Умение писать код на PHP7.0+",
      "Уверенные знания в HTML, CSS",
      "Опыт работы в консоли Linux",
      "Понимание работы с реляционными базами данных (MySQL, PostgreSQL ) и хорошее знание SQL",
      "Понимание ООП и паттернов проектирования",
      "Опыт работы с системами контроля версий (Git)",
      "Будет плюсом опыт работы с Docker"
    ]
  },
  {
    "id": "603007",
    "title": "FullStack Разработчик",
    "minCompensation": 1000,
    "compensation": "от 1 000 USD",
    "workSchedule": "",
    "employer": "Oli IT",
    "country": "Беларусь",
    "address": "Могилев",
    "experience": "от 3 до 6 лет",
    "description": "Нам нужен сильный специалист на должность fullstack-разработчика, способный решать сложные и интересные архитектурные задачи по разработке E-commerce интернет-проектов и интеграции со сторонними сервисами.",
    "date": "03/06/2022",
    "employment": [
      "полная занятость"
    ],
    "skills": [
      "Разработка и развитие сайтов, веб-продуктов",
      "Выполнение задач, связанных с Front и Back разработкой",
      "Написание unit-тестов",
      "Работа с базой данных",
      "Код ревью",
      "Участие в планировании итераций",
      "Создание и пополнение технической документации"
    ]
  },
  {
    "id": "813410",
    "title": "Разработчик JavaScript Фронтол (Junior/Мiddle)",
    "minCompensation": 0,
    "compensation": "з/п не указана",
    "workSchedule": "",
    "employer": "SoftBel",
    "country": "Беларусь",
    "address": "Минск",
    "experience": "от 1 года до 3 лет",
    "description": "SoftBel – беларуский ИТ-интегратор, работающий на рынках Беларуси и СНГ уже более 14 лет. Мы создаём и обслуживаем сервисы, которые помогают бизнесу работать эффективно за счет внедрения наиболее подходящих ИТ-решений.",
    "date": "03/09/2022",
    "employment": [
      "полная занятость"
    ],
    "skills": [
      "Разработка сценариев для кассового ПО Фронтол (JavaScript)",
      "Поддержка программного обеспечения после релиза",
      "Работа в команде",
      "Опыт работы от 1 года или знания после обучения и готовность учиться",
      "Знание JavaScript",
      "Понимание принципов ООП",
      "Знание технологий HTTP, REST API, JSON"
    ]
  },
  {
    "id": "823043",
    "title": "Веб-программист",
    "minCompensation": 400,
    "compensation": "от 400 USD",
    "workSchedule": "возможен удаленный режим работы",
    "employer": "Titan Group",
    "country": "Беларусь",
    "address": "Брест",
    "experience": "от 1 года до 3 лет",
    "description": "Создание веб-сайтов на системах: 1C-Битрикс, NetCat, собственный фреймворк. Поддержка существующих и контроль качества вновь создаваемых веб-сайтов. Взаимодействие с отделом разработки, отделом рекламы и отделом продаж.",
    "date": "03/05/2022",
    "employment": [
      "полная занятость"
    ],
    "skills": [
      "Знания PHP, xHTML, CSS, JavaScript, mySQL, библиотек и фреймворков",
      "Опыт веб-разработок от 1-го года",
      "Уметь работать в команде, быстро и продуктивно",
      "Уметь самостоятельно находить решение задач, с которыми ранее не приходилось сталкиваться"
    ]
  },
  {
    "id": "218383",
    "title": "Frontend-разработчик (Веб разработка)",
    "minCompensation": 750,
    "compensation": "от 750 до 1 100 USD",
    "workSchedule": "Можно работать из дома",
    "employer": "Bel digital",
    "country": "Беларусь",
    "address": "Витебск",
    "experience": "от 1 года до 3 лет",
    "description": "Мы Bel digital - digital агентство полного цикла, которое специализируется на разработке, продвижении и поддержке интернет проектов. Мы ищем человека, который станет частью нашей команды и возьмет на себя разработку frontend.",
    "date": "03/05/2022",
    "employment": [
      "полная занятость"
    ],
    "skills": [
      "Необходимо: Улучшать навык создания верстки по макетам",
      "Создавать на выходе классный фронтенд для будущих интернет-магазинов, лендингов, корпоративных сайтов и т.д",
      "Постоянно учиться и повышать скилл, работая со сложными и интересными задачами от Enterprise клиентов",
      "Требуются хорошие знания HTML/PUG, CSS/SCSS, JS/JQuery/Vue",
      "Умение делать адаптивную верстку и работать с Pixel Perfect",
      "css анимации",
      "js анимации gsap (библиотека)",
      "svg анимации (желательно smil)",
      "Опыт коммерческой разработки от 2-х лет",
      "Уметь работать с чужим кодом"
    ]
  },
  {
    "id": "026476",
    "title": "Front-end разработчик",
    "minCompensation": 2500,
    "compensation": "от 2 500 до 5 500 USD",
    "workSchedule": "Можно работать из дома",
    "employer": "PointPay",
    "country": "Беларусь",
    "address": "Гомель",
    "experience": "более 6 лет",
    "description": "PointPay – криптовалютная банковская экосистема, входящая в 5-ку лидеров своего направления. Мы заменяем традиционную банковскую модель, позволяя осуществлять недорогие и мгновенные переводы средств по всему миру с использованием нашей собственной оффчейн-технологии и токена PointPay (PXP). Мы быстро растем и нам нужны сильные разработчики, чтобы вместе создавать революционный и самый технологичный продукт в мире. Pointpay.io",
    "date": "03/10/2022",
    "employment": [
      "полная занятость"
    ],
    "skills": [
      "опыт в создании веб-приложений в профессиональной команде (>3-х лет)",
      "Angular 12",
      "хорошие навыки NGRX (Redux), HTML + CSS",
      "pixelperfect",
      "SCSS",
      "Jira, Bitbucket, Figma, npm, RxJs"
    ]
  },
  {
    "id": "933368",
    "title": "JavaScript разработчик (удалённо)",
    "minCompensation": 1600,
    "compensation": "от 1 600 до 2 500 USD",
    "workSchedule": "Можно работать из дома",
    "employer": "TextingBel",
    "country": "Беларусь",
    "address": "Гродно",
    "experience": "от 3 до 6 лет",
    "description": "TextingBel расширяет команду разработки, мы ищем опытного JavaScript программиста со знанием ReactJS. Предстоит активная разработка новой функциональности и технические задачи по развитию архитектуры платформы, участие в код ревью и других процессах компании.",
    "date": "03/05/2022",
    "employment": [
      "полная занятость",
      "удаленная работа"
    ],
    "skills": [
      "Умение писать рабочий, поддерживаемый и тестируемый код",
      "Уверенное знание JavaScript ES6+, TypeScript",
      "Опыт разработки на ReactJS/Redux от 3-х лет",
      "Опыт работы с Git",
      "Опыт разработки сложных SPA веб-приложений",
      "Английский требуется на уровне чтения технической документации, предпочтительно свободное владение"
    ]
  },
  {
    "id": "648706",
    "title": "Junior frontend-разработчик / Программист",
    "minCompensation": 250,
    "compensation": "от 250 USD",
    "workSchedule": "Возможна подработка",
    "employer": "BelTexting",
    "country": "Беларусь",
    "address": "Могилев",
    "experience": "от 1 года до 3 лет",
    "description": "Нам нужен ты и такие как ты - ребята умеющие выполнять простые и средние задачи с сайтами на битрикс. Мы не работаем с системой \"почасовой оплаты\", вместо этого у нас фиксированная цена за задачу. Не важно - это 3 минуты потраченные на установку яндекс метрики или 2 часа на правку блока сайта, оплата одинаковая.",
    "date": "03/11/2022",
    "employment": [
      "полная занятость",
      "удаленная работа"
    ],
    "skills": [
      "Стабильный объем работы каждый месяц",
      "Ежедневная или еженедельная оплата (как тебе удобнее)",
      "Ни кто не торопит, без часовой системы работаешь в комфортном темпе",
      "Не нужны мощные скиллы, умение работать с ftp и понимание функционала битрикса достаточно",
      "Грейдовая система оплаты: начинаешь с базовой ставки за задачу, делаешь задачи без косяков через 2-3 месяца повышаем оплату за задачи",
      "Собственная библиотека знаний и инструкций по битриксу",
      "График работы выбираешь сам",
      "Мы приветствуем если у тебя есть основная занятость, все наши разработчики имеют основную занятость и работают с нами в контексте подработки"
    ]
  }
]
